店舗名,住所,電話番号,WebサイトURL,HP状況,評価,口コミ数,推奨の接触手段,提案の切り口,通話またはDMの下書き文,状態,持ち込み
うなぎ 和友,〒132-0021 東京都江戸川区中央1丁目3−20,03-5607-0064,(なし),なし,4.3,1005,電話,HP状況は「なし」(WebサイトURL欄は空)。Googleマップで口コミ1005件・評価4.3と、地図上では多くの方に見られている様子(CSVの事実)。お店の評判を、ホームページでも伝えやすくするお手伝いができる、という切り口(要確認: 料理・営業時間・お店の方針は未確認)。,"もしもし、お忙しいところ失礼します。{名乗り}と申します。中小企業や地域のお店のホームページ作りやデジタル化のお手伝いをしております。
Googleマップでうなぎ 和友さんを拝見してご連絡しました。口コミも多く、地図上でとても頼りにされているお店だと拝見しました。今、30秒ほどよろしいでしょうか。
(承諾後)地図上でホームページが見当たらなかったので、ご興味があれば簡単な資料をお送りしてもよいか、お伺いしたくてお電話しました。料金は要相談です。
(かける時間は14:30〜16:30ごろの目安。営業時間は要確認。営業お断り表示があれば連絡しない)",下書き,Raiga
中華・洋食 かねだ,〒132-0023 東京都江戸川区西一之江3丁目15−14,03-3656-2381,(なし),なし,4.1,296,電話,HP状況は「なし」(WebサイトURL欄は空)。Googleマップで口コミ296件・評価4.1と、地図上では多くの方に見られている様子(CSVの事実)。お店の評判を、ホームページでも伝えやすくするお手伝いができる、という切り口(要確認: 料理・営業時間・お店の方針は未確認)。,"もしもし、お忙しいところ失礼します。{名乗り}と申します。中小企業や地域のお店のホームページ作りやデジタル化のお手伝いをしております。
Googleマップで中華・洋食 かねださんを拝見してご連絡しました。口コミも多く、地図上でとても頼りにされているお店だと拝見しました。今、30秒ほどよろしいでしょうか。
(承諾後)地図上でホームページが見当たらなかったので、ご興味があれば簡単な資料をお送りしてもよいか、お伺いしたくてお電話しました。料金は要相談です。
(かける時間は14:30〜16:30ごろの目安。営業時間は要確認。営業お断り表示があれば連絡しない)",下書き,Raiga
ひまわりサンドイッチ東小松川店,〒132-0033 東京都江戸川区東小松川1丁目12−23,03-3656-7911,https://www.instagram.com/himawarisand/,Instagramのみ,4.0,229,DM,HP状況は「Instagramのみ」(InstagramのURLのみ掲載)。Googleマップで口コミ229件・評価4.0と、地図上では多くの方に見られている様子(CSVの事実)。Instagramと並ぶ形でHPを持つ選択肢をご案内できる、という切り口(要確認: 投稿内容・更新頻度は未確認)。,"はじめまして、{名乗り}と申します。
ひまわりサンドイッチ東小松川店さんの投稿を拝見して、{店の具体的に良かった点}が印象に残り、思わずご連絡しました。
地域のお店のホームページ作りやデジタル化のお手伝いをしており、もしご興味があればお話しできればと思います。
突然のご連絡で失礼しました。返信は不要です。
(送信前の注意: 投稿を見て{店の具体的に良かった点}を埋め、事前に自然な反応をしてから。電話でも可: 03番号あり)",下書き,Raiga
八木屋,〒132-0031 東京都江戸川区松島3丁目42−13,03-5607-1577,(なし),なし,4.1,226,電話,HP状況は「なし」(WebサイトURL欄は空)。Googleマップで口コミ226件・評価4.1と、地図上では多くの方に見られている様子(CSVの事実)。お店の評判を、ホームページでも伝えやすくするお手伝いができる、という切り口(要確認: 料理・営業時間・お店の方針は未確認)。,"もしもし、お忙しいところ失礼します。{名乗り}と申します。中小企業や地域のお店のホームページ作りやデジタル化のお手伝いをしております。
Googleマップで八木屋さんを拝見してご連絡しました。口コミも多く、地図上でとても頼りにされているお店だと拝見しました。今、30秒ほどよろしいでしょうか。
(承諾後)地図上でホームページが見当たらなかったので、ご興味があれば簡単な資料をお送りしてもよいか、お伺いしたくてお電話しました。料金は要相談です。
(かける時間は14:30〜16:30ごろの目安。営業時間は要確認。営業お断り表示があれば連絡しない)",下書き,Raiga
一品香,〒132-0031 東京都江戸川区松島1丁目41−13,03-6770-7976,(なし),なし,3.7,219,電話,HP状況は「なし」(WebサイトURL欄は空)。Googleマップで口コミ219件・評価3.7と、地図上では多くの方に見られている様子(CSVの事実)。お店の評判を、ホームページでも伝えやすくするお手伝いができる、という切り口(要確認: 料理・営業時間・お店の方針は未確認)。,"もしもし、お忙しいところ失礼します。{名乗り}と申します。中小企業や地域のお店のホームページ作りやデジタル化のお手伝いをしております。
Googleマップで一品香さんを拝見してご連絡しました。口コミも多く、地図上でとても頼りにされているお店だと拝見しました。今、30秒ほどよろしいでしょうか。
(承諾後)地図上でホームページが見当たらなかったので、ご興味があれば簡単な資料をお送りしてもよいか、お伺いしたくてお電話しました。料金は要相談です。
(かける時間は14:30〜16:30ごろの目安。営業時間は要確認。営業お断り表示があれば連絡しない)",下書き,Raiga
