店舗名,エリア,電話番号,WebサイトURL,判定,根拠(確認できた事実),最新の更新の手がかり,予約・問い合わせ,メモ,調査日,調査方法
チャイニーズダイニング菜香,江戸川区,03-5662-9303,http://www.sai-kou.jp/,要更新・高,お知らせ欄に「2024.00.00 タイトルが入ります…」というテンプレートの仮文が残っている。著作権表示に年号なし,2024年の仮文のまま,電話のみ+Instagram,見た目は未確認,2026-10-06,公開ページの本文を取得(見た目は未確認)
船堀食堂 百味家,江戸川区,03-3869-6610,http://www.1000bero.net/restaurant-164/,要更新・高,Googleマップ登録のURLは、店の公式サイトではなく紹介記事のページ(2015年7月時点の情報と明記。表示上の日付は2022-10-24)。営業時間・価格は「現在は変わっている場合あり」と注記,2015〜2022年,お問い合わせリンク+食べログ,公式サイトがない可能性。要確認,2026-10-06,公開ページの本文を取得(見た目は未確認)
荒川,江戸川区,03-3651-2796,http://www.unagiya-arakawa.com/,要更新・高(要確認),登録URLのドメインが名前解決できず取得できなかった。サイトが閉じている可能性。一時的な不具合の可能性もある,取得不能,—,ブラウザで要確認,2026-10-06,公開ページの本文を取得(見た目は未確認)
膳香苑,江戸川区,03-5879-9848,https://zenkouen.delivery-takeout-menu.com/,要更新・高(要確認),登録URLのトップが404(ページが見つからない)。出前・メニュー系サービスのサブドメイン,404,—,ブラウザで要確認,2026-10-06,公開ページの本文を取得(見た目は未確認)
天やぶ,江戸川区,03-3678-6968,http://tenyabu.com/,要更新・中(要確認),https接続時に証明書のホスト名不一致エラー(httpで登録されているURL)。ブラウザで警告が出る可能性,証明書エラー,—,ブラウザで要確認,2026-10-06,公開ページの本文を取得(見た目は未確認)
もんじゃ焼き・お好み焼きTEPPAN 燈akari 新小岩,江戸川区,03-5879-3115,http://monja-teppan-akari.com/,要更新・中,2020年のコロナ関連告知(蔓延防止措置)や2周年イベントの古い記事が残る。最新のお知らせは2025-06-12。著作権表示に年号なし,2025-06-12,問い合わせフォーム+電話,金沢の新店情報が混在=別店のサイトの可能性。要確認,2026-10-06,公開ページの本文を取得(見た目は未確認)
魚昭,江戸川区,03-3670-4091,https://sisibone-uoshou.jimdofree.com/,要更新・中,無料ビルダー(Jimdo Free)。ブログのページに内容がなく、更新の手がかりなし。メタ情報の版は2021年6月。営業時間の記載なし,不明(2021年のメタ情報),お問い合わせページ,無料ドメイン(jimdofree.com),2026-10-06,公開ページの本文を取得(見た目は未確認)
Bar&kitchen air エール,江戸川区,03-3655-1668,https://air-atelier-cafe.jimdofree.com/%E5%96%B6%E6%A5%AD%E6%97%A5-%E3%81%8A%E4%BC%91%E3%81%BF/,要更新・中,無料ビルダー(Jimdo Free)。お知らせ・日付・営業時間の記載なし。メタ情報に古い版番号,不明,予約ページ,無料ドメイン(jimdofree.com),2026-10-06,公開ページの本文を取得(見た目は未確認)
寿賀多,江戸川区,03-3651-2447,https://sugata.tokyo.jp/,要更新・中,WordPress 5.8.17(2021年系)のまま。画像スライダーのプラグインのプレースホルダー画像が複数。お知らせは2026-06-20まで更新あり,2026-06-20,予約・問い合わせページ+電話,更新はされているが基盤が古い可能性,2026-10-06,公開ページの本文を取得(見た目は未確認)
焼き鳥ふじわら,江戸川区,03-3655-8123,https://yakitorifujiwara.hp.peraichi.com/,要更新・中,無料ビルダー(ペライチ)。著作権表示2023、新しい日付なし。会社設立年との前後が不整合(要確認),2023,—,無料ドメイン(peraichi.com),2026-10-06,公開ページの本文を取得(見た目は未確認)
オハナキッチンOHANA KITCHEN,江戸川区,03-6808-0366,https://ohana-kitchen-funabori.netlify.app/,要更新・低,ランチメニューが「9月15日」のまま(年なし)。著作権・ニュース日付なし,不明,—,無料ホスティング(netlify.app),2026-10-06,公開ページの本文を取得(見た目は未確認)
1ポンドステーキ&クラフトビール専門店 ハックルベリー 瑞江,江戸川区,03-5243-3882,https://www.huckleberry.in/,要更新・低,著作権表示は2021。お知らせは2026-05-16(題名のみ)。ホットペッパーとUberEats連携あり,2026-05-16,電話+フォーム+ホットペッパー,運用はされている,2026-10-06,公開ページの本文を取得(見た目は未確認)
炭火焼肉 矢つぐ 本店,江戸川区,03-3651-3029,https://www.yatsugu.com/access.html%E3%80%80,要更新・低,お知らせの記載なし、著作権の年号なし。予約はホットペッパーへ,不明,ホットペッパー+電話,手がかりが少ない,2026-10-06,公開ページの本文を取得(見た目は未確認)
しれとこ,江戸川区,03-3677-8788,https://shiretoko.tokyo/lp/,要更新・低,LPのページ。日付・著作権の記載なし。メニューPDFあり、LINE予約・電話あり,不明,LINE+電話,手がかりが少ない,2026-10-06,公開ページの本文を取得(見た目は未確認)
和食えごし,江戸川区,080-3410-6644,https://washokuegoshi.com/,更新されている,お知らせは2026-09-25(松茸のコース)。著作権表示は2022,2026-09-25,電話+食べログ+Instagram,,2026-10-06,公開ページの本文を取得(見た目は未確認)
居酒屋さつき,江戸川区,03-3656-3697,https://satsuki.tokyo/,更新されている,2026-10-06更新。著作権2026。直近の投稿は2026-10-05,2026-10-06,電話+LINE,,2026-10-06,公開ページの本文を取得(見た目は未確認)
食事処 喜界,江戸川区,03-4361-1438,https://www4.hp-ez.com/hp/kikainisi,確認不能,robots拒否で取得不能,取得不能,—,,2026-10-06,公開ページの本文を取得(見た目は未確認)
