店舗名,判定,見つかった公式URL,根拠,ほかに見つかったページ,最終更新の手がかり,調査日
酒と肴と子ども食堂あら川,見つからず,,店名+地域/電話番号/住所での検索で、店自身の公式サイトと判断できるページは検索結果に出ず(住所・電話の一致確認できるものなし),既存登録: https://www.hotpepper.jp/strJ003916538/,不明,2026-10-07
ごはん屋 おかん!,見つからず,,店名+地域/電話番号/住所での検索で、店自身の公式サイトと判断できるページは検索結果に出ず(住所・電話の一致確認できるものなし),既存登録: https://www.instagram.com/okan.edogawa?igsh=ZnNhcTN0d2xmbGxk,不明,2026-10-07
moreishごはんカフェ,見つからず,,店名+地域/電話番号/住所での検索で、店自身の公式サイトと判断できるページは検索結果に出ず(住所・電話の一致確認できるものなし),既存登録: https://instagram.com/moreish0923?r=nametag%20https://instagram.com/stories/moreish0923/2958146400102740763?igshid=MDJmNzVkMjY=,不明,2026-10-07
創作和食 吟,見つからず,,店名+地域/電話番号/住所での検索で、店自身の公式サイトと判断できるページは検索結果に出ず(住所・電話の一致確認できるものなし),,不明,2026-10-07
大衆酒場 中村屋,見つからず,,店名+地域/電話番号/住所での検索で、店自身の公式サイトと判断できるページは検索結果に出ず(住所・電話の一致確認できるものなし),既存登録: https://instagram.com/nakamuraya__2?r=nametag,不明,2026-10-07
和食 つくしんぼ,見つからず,,店名+地域/電話番号/住所での検索で、店自身の公式サイトと判断できるページは検索結果に出ず(住所・電話の一致確認できるものなし),既存登録: https://ggrb400.gorp.jp/,不明,2026-10-07
レストラン パブリック,見つからず,,店名+地域/電話番号/住所での検索で、店自身の公式サイトと判断できるページは検索結果に出ず(住所・電話の一致確認できるものなし),,不明,2026-10-07
金ちゃん食堂,見つからず,,店名+地域/電話番号/住所での検索で、店自身の公式サイトと判断できるページは検索結果に出ず(住所・電話の一致確認できるものなし),,不明,2026-10-07
富士食堂,見つからず,,店名+地域/電話番号/住所での検索で、店自身の公式サイトと判断できるページは検索結果に出ず(住所・電話の一致確認できるものなし),,不明,2026-10-07
炭火やきとり 酉笑~とりしょう~,見つからず,,店名+地域/電話番号/住所での検索で、店自身の公式サイトと判断できるページは検索結果に出ず(住所・電話の一致確認できるものなし),既存登録: https://torishow.gorp.jp/; ぐるなび https://r.gnavi.co.jp/g880900/(検索結果タイトルが店名と一致、住所未確認),不明,2026-10-07
食いしん坊,見つからず,,店名+地域/電話番号/住所での検索で、店自身の公式サイトと判断できるページは検索結果に出ず(住所・電話の一致確認できるものなし),,不明,2026-10-07
織 Ori おり,見つからず,,店名+地域/電話番号/住所での検索で、店自身の公式サイトと判断できるページは検索結果に出ず(住所・電話の一致確認できるものなし),既存登録: https://www.hotpepper.jp/strJ001153931/,不明,2026-10-07
MARUKO,見つからず,,店名+地域/電話番号/住所での検索で、店自身の公式サイトと判断できるページは検索結果に出ず(住所・電話の一致確認できるものなし),既存登録: https://maruko2017.gorp.jp/,不明,2026-10-07
Caprice,見つからず,,店名+地域/電話番号/住所での検索で、店自身の公式サイトと判断できるページは検索結果に出ず(住所・電話の一致確認できるものなし),既存登録: https://www.instagram.com/caprice.0308/,不明,2026-10-07
炭火串焼邸 新小岩 串幸,見つからず,,店名+地域/電話番号/住所での検索で、店自身の公式サイトと判断できるページは検索結果に出ず(住所・電話の一致確認できるものなし),既存登録: https://retty.me/area/PRE13/ARE17/SUB1703/100001458391/?utm_source=gbp&utm_medium=organic&utm_contents=website_link,不明,2026-10-07
コメトステーキ,見つからず,,店名+地域/電話番号/住所での検索で、店自身の公式サイトと判断できるページは検索結果に出ず(住所・電話の一致確認できるものなし),既存登録: https://x.com/kometosteak,不明,2026-10-07
ピエポロ,見つからず,,店名+地域/電話番号/住所での検索で、店自身の公式サイトと判断できるページは検索結果に出ず(住所・電話の一致確認できるものなし),,不明,2026-10-07
丸花,見つからず,,店名+地域/電話番号/住所での検索で、店自身の公式サイトと判断できるページは検索結果に出ず(住所・電話の一致確認できるものなし),,不明,2026-10-07
やきとりおばこ,見つからず,,店名+地域/電話番号/住所での検索で、店自身の公式サイトと判断できるページは検索結果に出ず(住所・電話の一致確認できるものなし),,不明,2026-10-07
パブ由香利,見つからず,,店名+地域/電話番号/住所での検索で、店自身の公式サイトと判断できるページは検索結果に出ず(住所・電話の一致確認できるものなし),,不明,2026-10-07
つくし,見つからず,,店名+地域/電話番号/住所での検索で、店自身の公式サイトと判断できるページは検索結果に出ず(住所・電話の一致確認できるものなし),既存登録: https://tsukushi-shinkoiwa.owst.jp/,不明,2026-10-07
ラフィーの美しい森レストラン,見つからず,,店名+地域/電話番号/住所での検索で、店自身の公式サイトと判断できるページは検索結果に出ず(住所・電話の一致確認できるものなし),,不明,2026-10-07
Bar Guild,見つからず,,店名+地域/電話番号/住所での検索で、店自身の公式サイトと判断できるページは検索結果に出ず(住所・電話の一致確認できるものなし),既存登録: https://gjrt100.gorp.jp/; ぐるなび https://r.gnavi.co.jp/mb5b48u40000/(検索結果タイトルが店名と一致、住所未確認),不明,2026-10-07
みつこレストラン,見つからず,,店名+地域/電話番号/住所での検索で、店自身の公式サイトと判断できるページは検索結果に出ず(住所・電話の一致確認できるものなし),,不明,2026-10-07
さくら,見つからず,,店名+地域/電話番号/住所での検索で、店自身の公式サイトと判断できるページは検索結果に出ず(住所・電話の一致確認できるものなし),,不明,2026-10-07
ゑびす,見つからず,,店名+地域/電話番号/住所での検索で、店自身の公式サイトと判断できるページは検索結果に出ず(住所・電話の一致確認できるものなし),,不明,2026-10-07
シンたちろまん,見つからず,,店名+地域/電話番号/住所での検索で、店自身の公式サイトと判断できるページは検索結果に出ず(住所・電話の一致確認できるものなし),,不明,2026-10-07
レストラン takebue,見つからず,,店名+地域/電話番号/住所での検索で、店自身の公式サイトと判断できるページは検索結果に出ず(住所・電話の一致確認できるものなし),,不明,2026-10-07
くつろぎ,見つからず,,店名+地域/電話番号/住所での検索で、店自身の公式サイトと判断できるページは検索結果に出ず(住所・電話の一致確認できるものなし),,不明,2026-10-07
萬来,見つからず,,店名+地域/電話番号/住所での検索で、店自身の公式サイトと判断できるページは検索結果に出ず(住所・電話の一致確認できるものなし),,不明,2026-10-07
ひまわりサンドイッチ東小松川店,見つからず,,店名+地域/電話番号/住所での検索で、店自身の公式サイトと判断できるページは検索結果に出ず(住所・電話の一致確認できるものなし),既存登録: https://www.instagram.com/himawarisand/,不明,2026-10-07
プチトリアノン,見つからず,,店名+地域/電話番号/住所での検索で、店自身の公式サイトと判断できるページは検索結果に出ず(住所・電話の一致確認できるものなし),,不明,2026-10-07
居酒屋 食事処 八嶋,見つからず,,店名+地域/電話番号/住所での検索で、店自身の公式サイトと判断できるページは検索結果に出ず(住所・電話の一致確認できるものなし),,不明,2026-10-07
花咲心~Hanaemi Kitchen~,見つからず,,店名+地域/電話番号/住所での検索で、店自身の公式サイトと判断できるページは検索結果に出ず(住所・電話の一致確認できるものなし),既存登録: https://www.instagram.com/hanaemi_kitchen,不明,2026-10-07
一品香,見つからず,,店名+地域/電話番号/住所での検索で、店自身の公式サイトと判断できるページは検索結果に出ず(住所・電話の一致確認できるものなし),,不明,2026-10-07
きらく亭,見つからず,,店名+地域/電話番号/住所での検索で、店自身の公式サイトと判断できるページは検索結果に出ず(住所・電話の一致確認できるものなし),,不明,2026-10-07
今日海飯店一之江店,見つからず,,店名+地域/電話番号/住所での検索で、店自身の公式サイトと判断できるページは検索結果に出ず(住所・電話の一致確認できるものなし),,不明,2026-10-07
宴の家 さにさい,見つからず,,店名+地域/電話番号/住所での検索で、店自身の公式サイトと判断できるページは検索結果に出ず(住所・電話の一致確認できるものなし),既存登録: https://ggr6600.gorp.jp/,不明,2026-10-07
おおもり,見つからず,,店名+地域/電話番号/住所での検索で、店自身の公式サイトと判断できるページは検索結果に出ず(住所・電話の一致確認できるものなし),,不明,2026-10-07
金魚鉢,見つからず,,店名+地域/電話番号/住所での検索で、店自身の公式サイトと判断できるページは検索結果に出ず(住所・電話の一致確認できるものなし),既存登録: https://instagram.com/kingyo9998?igshid=YmMyMTA2M2Y=,不明,2026-10-07
満る賀,見つからず,,店名+地域/電話番号/住所での検索で、店自身の公式サイトと判断できるページは検索結果に出ず(住所・電話の一致確認できるものなし),,不明,2026-10-07
八木屋,見つからず,,店名+地域/電話番号/住所での検索で、店自身の公式サイトと判断できるページは検索結果に出ず(住所・電話の一致確認できるものなし),,不明,2026-10-07
うなぎ 和友,見つからず,,店名+地域/電話番号/住所での検索で、店自身の公式サイトと判断できるページは検索結果に出ず(住所・電話の一致確認できるものなし),,不明,2026-10-07
田吾作寿司,見つからず,,店名+地域/電話番号/住所での検索で、店自身の公式サイトと判断できるページは検索結果に出ず(住所・電話の一致確認できるものなし),,不明,2026-10-07
韓国料理たっちゃん,見つからず,,店名+地域/電話番号/住所での検索で、店自身の公式サイトと判断できるページは検索結果に出ず(住所・電話の一致確認できるものなし),,不明,2026-10-07
食堂たなか,見つからず,,店名+地域/電話番号/住所での検索で、店自身の公式サイトと判断できるページは検索結果に出ず(住所・電話の一致確認できるものなし),,不明,2026-10-07
中華・洋食 かねだ,見つからず,,店名+地域/電話番号/住所での検索で、店自身の公式サイトと判断できるページは検索結果に出ず(住所・電話の一致確認できるものなし),,不明,2026-10-07
リトル銀座,見つからず,,店名+地域/電話番号/住所での検索で、店自身の公式サイトと判断できるページは検索結果に出ず(住所・電話の一致確認できるものなし),既存登録: https://www.instagram.com/little_ginza?igsh=bTViYXhibDZ2am51&utm_source=qr,不明,2026-10-07
味処やす吉,見つからず,,店名+地域/電話番号/住所での検索で、店自身の公式サイトと判断できるページは検索結果に出ず(住所・電話の一致確認できるものなし),,不明,2026-10-07
居酒屋外八,見つからず,,店名+地域/電話番号/住所での検索で、店自身の公式サイトと判断できるページは検索結果に出ず(住所・電話の一致確認できるものなし),,不明,2026-10-07
文左亭 江戸川中央店,見つからず,,店名+地域/電話番号/住所での検索で、店自身の公式サイトと判断できるページは検索結果に出ず(住所・電話の一致確認できるものなし),,不明,2026-10-07
