店舗名,エリア,判定(公式HPあり/要確認/見つからず),見つかった公式URL,根拠(住所・電話の一致など),ほかに見つかったページ(SNS・ポータル),最終更新の手がかり,調査日
麹村,千代田区,見つからず,,店名+地域/電話番号の検索で、住所または電話番号が一致する独自ドメイン・自店ビルダーの公式サイトは確認できなかった(ポータル/地図/求人等のみ),,,2026-10-07
POST食堂,千代田区,見つからず,,店名+地域/電話番号の検索で、住所または電話番号が一致する独自ドメイン・自店ビルダーの公式サイトは確認できなかった(ポータル/地図/求人等のみ),Facebook: https://www.facebook.com/Post%E9%A3%9F%E5%A0%82-2276651689015350/(入力の登録URL),,2026-10-07
一嘉,千代田区,見つからず,,店名+地域/電話番号の検索で、住所または電話番号が一致する独自ドメイン・自店ビルダーの公式サイトは確認できなかった(ポータル/地図/求人等のみ),,,2026-10-07
みどり食堂,千代田区,見つからず,,店名+地域/電話番号の検索で、住所または電話番号が一致する独自ドメイン・自店ビルダーの公式サイトは確認できなかった(ポータル/地図/求人等のみ),,,2026-10-07
和食処 梅林,千代田区,見つからず,,店名+地域/電話番号の検索で、住所または電話番号が一致する独自ドメイン・自店ビルダーの公式サイトは確認できなかった(ポータル/地図/求人等のみ),ホットペッパー: https://www.hotpepper.jp/strJ000851498/(入力の登録URL),,2026-10-07
みなと食堂 麹町店,千代田区,見つからず,,店名+地域/電話番号の検索で、住所または電話番号が一致する独自ドメイン・自店ビルダーの公式サイトは確認できなかった(ポータル/地図/求人等のみ),ホットペッパー: https://www.hotpepper.jp/strJ001282688/(入力の登録URL),,2026-10-07
炉端食堂 嘉とう,千代田区,見つからず,,店名+地域/電話番号の検索で、住所または電話番号が一致する独自ドメイン・自店ビルダーの公式サイトは確認できなかった(ポータル/地図/求人等のみ),食べログ: https://s.tabelog.com/tokyo/A1309/A130906/13275317/(入力の登録URL),,2026-10-07
さいまや,千代田区,見つからず,,店名+地域/電話番号の検索で、住所または電話番号が一致する独自ドメイン・自店ビルダーの公式サイトは確認できなかった(ポータル/地図/求人等のみ),,,2026-10-07
まさみ,千代田区,見つからず,,店名+地域/電話番号の検索で、住所または電話番号が一致する独自ドメイン・自店ビルダーの公式サイトは確認できなかった(ポータル/地図/求人等のみ),,,2026-10-07
美味これくしょん 神田倶楽部,千代田区,見つからず,,店名+地域/電話番号の検索で、住所または電話番号が一致する独自ドメイン・自店ビルダーの公式サイトは確認できなかった(ポータル/地図/求人等のみ),Facebook: https://facebook.com/bimikandaclub(入力の登録URL),,2026-10-07
たな一,千代田区,見つからず,,店名+地域/電話番号の検索で、住所または電話番号が一致する独自ドメイン・自店ビルダーの公式サイトは確認できなかった(ポータル/地図/求人等のみ),,,2026-10-07
酒菜家 かずいち,千代田区,見つからず,,店名+地域/電話番号の検索で、住所または電話番号が一致する独自ドメイン・自店ビルダーの公式サイトは確認できなかった(ポータル/地図/求人等のみ),ぐるなび: https://gb32300.gorp.jp/ ・ https://r.gnavi.co.jp/gb32300/(検索結果で確認),,2026-10-07
めしやかもめ,千代田区,見つからず,,店名+地域/電話番号の検索で、住所または電話番号が一致する独自ドメイン・自店ビルダーの公式サイトは確認できなかった(ポータル/地図/求人等のみ),,,2026-10-07
和旬彩々 居酒屋 翔,千代田区,見つからず,,店名+地域/電話番号の検索で、住所または電話番号が一致する独自ドメイン・自店ビルダーの公式サイトは確認できなかった(ポータル/地図/求人等のみ),,,2026-10-07
東京アチコーコー,千代田区,見つからず,,店名+地域/電話番号の検索で、住所または電話番号が一致する独自ドメイン・自店ビルダーの公式サイトは確認できなかった(ポータル/地図/求人等のみ),Instagram: https://www.instagram.com/tokyo.achikoko/(入力の登録URL),,2026-10-07
たんぽぽ,千代田区,見つからず,,店名+地域/電話番号の検索で、住所または電話番号が一致する独自ドメイン・自店ビルダーの公式サイトは確認できなかった(ポータル/地図/求人等のみ),Instagram: https://www.instagram.com/tampopo____(入力の登録URL),,2026-10-07
パパ料理じんた,千代田区,要確認,,入力の登録URL(Wix無料ビルダー)は今回404で中身を確認できず、公式かどうか・住所電話の一致を確認できない。ほかの公式サイトも検索で見つからず,Wix: http://paparyourijinta.wix.com/jinta(入力の登録URL。今回のアクセスでは404),,2026-10-07
自然派ワイン・レストラン ボンクラ,千代田区,見つからず,,店名+地域/電話番号の検索で、住所または電話番号が一致する独自ドメイン・自店ビルダーの公式サイトは確認できなかった(ポータル/地図/求人等のみ),TableCheck(予約サイト): https://www.tablecheck.com/ja/bonnequela ・ 一休.com: https://restaurant.ikyu.com/109687/(英表記 Bonne quela。住所一致までは未確認),,2026-10-07
炭や,千代田区,見つからず,,店名+地域/電話番号の検索で、住所または電話番号が一致する独自ドメイン・自店ビルダーの公式サイトは確認できなかった(ポータル/地図/求人等のみ),,,2026-10-07
ひかり,千代田区,見つからず,,店名+地域/電話番号の検索で、住所または電話番号が一致する独自ドメイン・自店ビルダーの公式サイトは確認できなかった(ポータル/地図/求人等のみ),,,2026-10-07
健美食 弐屋,千代田区,見つからず,,店名+地域/電話番号の検索で、住所または電話番号が一致する独自ドメイン・自店ビルダーの公式サイトは確認できなかった(ポータル/地図/求人等のみ),Instagram: https://www.instagram.com/niyaakashi/(入力の登録URL),,2026-10-07
さかな・炙り 暖,千代田区,見つからず,,店名+地域/電話番号の検索で、住所または電話番号が一致する独自ドメイン・自店ビルダーの公式サイトは確認できなかった(ポータル/地図/求人等のみ),,,2026-10-07
ダイニング うさぎ,千代田区,見つからず,,店名+地域/電話番号の検索で、住所または電話番号が一致する独自ドメイン・自店ビルダーの公式サイトは確認できなかった(ポータル/地図/求人等のみ),,,2026-10-07
おきらく食堂 竹橋店,千代田区,見つからず,,店名+地域/電話番号の検索で、住所または電話番号が一致する独自ドメイン・自店ビルダーの公式サイトは確認できなかった(ポータル/地図/求人等のみ),,,2026-10-07
東京カフェレストラン フレスカ 秋葉原 イタリアンバル,千代田区,見つからず,,店名+地域/電話番号の検索で、住所または電話番号が一致する独自ドメイン・自店ビルダーの公式サイトは確認できなかった(ポータル/地図/求人等のみ),食べログ: https://tabelog.com/tokyo/A1310/A131001/13030558/(入力の登録URL),,2026-10-07
居酒屋 たぬき 神田店,千代田区,見つからず,,店名+地域/電話番号の検索で、住所または電話番号が一致する独自ドメイン・自店ビルダーの公式サイトは確認できなかった(ポータル/地図/求人等のみ),ホットペッパー: https://www.hotpepper.jp/strJ001275741/(入力の登録URL),,2026-10-07
翔,千代田区,見つからず,,店名+地域/電話番号の検索で、住所または電話番号が一致する独自ドメイン・自店ビルダーの公式サイトは確認できなかった(ポータル/地図/求人等のみ),,,2026-10-07
松栄亭,千代田区,見つからず,,店名+地域/電話番号の検索で、住所または電話番号が一致する独自ドメイン・自店ビルダーの公式サイトは確認できなかった(ポータル/地図/求人等のみ),食べログ(松榮亭表記): https://tabelog.com/tokyo/A1310/A131002/13000349/(検索結果で確認。住所照合は未実施),,2026-10-07
ソルティーオイスターハウス新小岩,葛飾区,見つからず,,店名+地域/電話番号の検索で、住所または電話番号が一致する独自ドメイン・自店ビルダーの公式サイトは確認できなかった(ポータル/地図/求人等のみ),ぐるなび: https://saltyshinkoiwa.gorp.jp/(入力の登録URL),,2026-10-07
キッチン大,葛飾区,見つからず,,店名+地域/電話番号の検索で、住所または電話番号が一致する独自ドメイン・自店ビルダーの公式サイトは確認できなかった(ポータル/地図/求人等のみ),,,2026-10-07
とよ八,葛飾区,見つからず,,店名+地域/電話番号の検索で、住所または電話番号が一致する独自ドメイン・自店ビルダーの公式サイトは確認できなかった(ポータル/地図/求人等のみ),,,2026-10-07
木もれ陽,葛飾区,見つからず,,店名+地域/電話番号の検索で、住所または電話番号が一致する独自ドメイン・自店ビルダーの公式サイトは確認できなかった(ポータル/地図/求人等のみ),ぐるなび: https://gcjc100.gorp.jp/ ・ https://r.gnavi.co.jp/gcjc100/(検索結果で確認),,2026-10-07
藤本食堂,葛飾区,見つからず,,店名+地域/電話番号の検索で、住所または電話番号が一致する独自ドメイン・自店ビルダーの公式サイトは確認できなかった(ポータル/地図/求人等のみ),,,2026-10-07
はむら,葛飾区,見つからず,,店名+地域/電話番号の検索で、住所または電話番号が一致する独自ドメイン・自店ビルダーの公式サイトは確認できなかった(ポータル/地図/求人等のみ),,,2026-10-07
みなとや食堂,葛飾区,見つからず,,店名+地域/電話番号の検索で、住所または電話番号が一致する独自ドメイン・自店ビルダーの公式サイトは確認できなかった(ポータル/地図/求人等のみ),Instagram: https://instagram.com/minatoyashokudo_shinkoiwa(入力の登録URL),,2026-10-07
しげきん,葛飾区,見つからず,,店名+地域/電話番号の検索で、住所または電話番号が一致する独自ドメイン・自店ビルダーの公式サイトは確認できなかった(ポータル/地図/求人等のみ),,,2026-10-07
かつ善,葛飾区,見つからず,,店名+地域/電話番号の検索で、住所または電話番号が一致する独自ドメイン・自店ビルダーの公式サイトは確認できなかった(ポータル/地図/求人等のみ),,,2026-10-07
とんかつと洋食の店 こいわ軒,葛飾区,見つからず,,店名+地域/電話番号の検索で、住所または電話番号が一致する独自ドメイン・自店ビルダーの公式サイトは確認できなかった(ポータル/地図/求人等のみ),,,2026-10-07
新川六町内 新小岩店,葛飾区,見つからず,,店名+地域/電話番号の検索で、住所または電話番号が一致する独自ドメイン・自店ビルダーの公式サイトは確認できなかった(ポータル/地図/求人等のみ),Instagram: https://www.instagram.com/sin.arakawa(入力の登録URL),,2026-10-07
粋季,葛飾区,見つからず,,店名+地域/電話番号の検索で、住所または電話番号が一致する独自ドメイン・自店ビルダーの公式サイトは確認できなかった(ポータル/地図/求人等のみ),,,2026-10-07
伍市,葛飾区,見つからず,,店名+地域/電話番号の検索で、住所または電話番号が一致する独自ドメイン・自店ビルダーの公式サイトは確認できなかった(ポータル/地図/求人等のみ),Facebook: https://www.facebook.com/goichi.shinkoiwa/(入力の登録URL),,2026-10-07
五十番,葛飾区,見つからず,,店名+地域/電話番号の検索で、住所または電話番号が一致する独自ドメイン・自店ビルダーの公式サイトは確認できなかった(ポータル/地図/求人等のみ),,,2026-10-07
dining・bar Leaf,葛飾区,見つからず,,店名+地域/電話番号の検索で、住所または電話番号が一致する独自ドメイン・自店ビルダーの公式サイトは確認できなかった(ポータル/地図/求人等のみ),,,2026-10-07
蕎麦バルにりんしゃ,葛飾区,見つからず,,店名+地域/電話番号の検索で、住所または電話番号が一致する独自ドメイン・自店ビルダーの公式サイトは確認できなかった(ポータル/地図/求人等のみ),,,2026-10-07
